pdbid,proximal_residue,proximal_chain,dse_kcal_mol
2Q7Q,75,D,1.9918158888637443
2Q7Q,81,D,15.454498469799447
2Q7Q,88,D,12.789164681321537
2Q7Q,90,D,38.226639151654794
2Q7Q,91,D,39.54766435047097
2Q7Q,98,D,12.796705907724894
2Q7Q,130,D,13.505922079748734
2Q7Q,75,H,2.400072954720498
2Q7Q,81,H,15.168180102820678
2Q7Q,88,H,12.696928502002532
2Q7Q,90,H,34.34147543060145
2Q7Q,91,H,40.66687796182659
2Q7Q,98,H,12.634879345986567
2Q7Q,130,H,12.640202859787234
2Q7Q,225,A,20.116628386497645
2Q7Q,225,B,21.618846567319032
