{
  "dataset": "cifar10",
  "input_dim": 3072,
  "n_classes": 10,
  "n_train_subsample": 2000,
  "n_test_subsample": 1000,
  "results": {
    "Euclidean KNN (subsample)": {
      "accuracy": 0.286,
      "time": 0.07800725000561215,
      "params": 0
    },
    "Euclidean KNN (full 50K)": {
      "accuracy": 0.35,
      "time": 0.6472515410059714,
      "params": 0
    },
    "ManifoldModel (tau=0.95)": {
      "accuracy": 0.273,
      "time": 43.63011550000374,
      "fit_time": 31.588646999996854,
      "pred_time": 12.041468500006886,
      "params": 0,
      "geometry": {
        "mean_intrinsic_dim": 35.8695,
        "std_intrinsic_dim": 1.6533208248854785,
        "min_intrinsic_dim": 31,
        "max_intrinsic_dim": 39,
        "n_nodes": 2000,
        "ambient_dim": 3072,
        "n_edges": 30000
      }
    },
    "ManifoldModel (tau=0.9)": {
      "accuracy": 0.262,
      "time": 44.66744620800455,
      "fit_time": 31.966026125002827,
      "pred_time": 12.701420083001722,
      "params": 0,
      "geometry": {
        "mean_intrinsic_dim": 28.461,
        "std_intrinsic_dim": 1.7962402400569917,
        "min_intrinsic_dim": 23,
        "max_intrinsic_dim": 33,
        "n_nodes": 2000,
        "ambient_dim": 3072,
        "n_edges": 30000
      }
    },
    "ManifoldModel (tau=0.85)": {
      "accuracy": 0.272,
      "time": 46.72542462399724,
      "fit_time": 32.74560554100026,
      "pred_time": 13.979819082996983,
      "params": 0,
      "geometry": {
        "mean_intrinsic_dim": 23.157,
        "std_intrinsic_dim": 1.7639022081736844,
        "min_intrinsic_dim": 18,
        "max_intrinsic_dim": 27,
        "n_nodes": 2000,
        "ambient_dim": 3072,
        "n_edges": 30000
      }
    },
    "PCA\u219230D + KNN": {
      "accuracy": 0.302,
      "time": 0,
      "params": 0
    },
    "PCA\u219230D + ManifoldModel (tau=0.9)": {
      "accuracy": 0.317,
      "time": 0.7314502919980441,
      "params": 0,
      "geometry": {
        "mean_intrinsic_dim": 14.877,
        "std_intrinsic_dim": 0.8739971395834198,
        "min_intrinsic_dim": 12,
        "max_intrinsic_dim": 17,
        "n_nodes": 2000,
        "ambient_dim": 30,
        "n_edges": 30000
      }
    },
    "PCA\u219230D + ManifoldModel (tau=0.85)": {
      "accuracy": 0.325,
      "time": 0.6930518749941257,
      "params": 0,
      "geometry": {
        "mean_intrinsic_dim": 12.3315,
        "std_intrinsic_dim": 0.8605857017171502,
        "min_intrinsic_dim": 9,
        "max_intrinsic_dim": 15,
        "n_nodes": 2000,
        "ambient_dim": 30,
        "n_edges": 30000
      }
    },
    "PCA\u219250D + KNN": {
      "accuracy": 0.297,
      "time": 0,
      "params": 0
    },
    "PCA\u219250D + ManifoldModel (tau=0.9)": {
      "accuracy": 0.302,
      "time": 2.5744561680039624,
      "params": 0,
      "geometry": {
        "mean_intrinsic_dim": 18.375,
        "std_intrinsic_dim": 1.0565864848652948,
        "min_intrinsic_dim": 14,
        "max_intrinsic_dim": 20,
        "n_nodes": 2000,
        "ambient_dim": 50,
        "n_edges": 30000
      }
    },
    "PCA\u219250D + ManifoldModel (tau=0.85)": {
      "accuracy": 0.319,
      "time": 2.5699543339942466,
      "params": 0,
      "geometry": {
        "mean_intrinsic_dim": 14.932,
        "std_intrinsic_dim": 1.0066657836640718,
        "min_intrinsic_dim": 11,
        "max_intrinsic_dim": 17,
        "n_nodes": 2000,
        "ambient_dim": 50,
        "n_edges": 30000
      }
    },
    "PCA\u2192100D + KNN": {
      "accuracy": 0.292,
      "time": 0,
      "params": 0
    },
    "PCA\u2192100D + ManifoldModel (tau=0.9)": {
      "accuracy": 0.287,
      "time": 3.741883583003073,
      "params": 0,
      "geometry": {
        "mean_intrinsic_dim": 22.5285,
        "std_intrinsic_dim": 1.3237022890363224,
        "min_intrinsic_dim": 18,
        "max_intrinsic_dim": 25,
        "n_nodes": 2000,
        "ambient_dim": 100,
        "n_edges": 30000
      }
    },
    "PCA\u2192100D + ManifoldModel (tau=0.85)": {
      "accuracy": 0.292,
      "time": 3.277242792006291,
      "params": 0,
      "geometry": {
        "mean_intrinsic_dim": 18.12,
        "std_intrinsic_dim": 1.2504399225872471,
        "min_intrinsic_dim": 14,
        "max_intrinsic_dim": 21,
        "n_nodes": 2000,
        "ambient_dim": 100,
        "n_edges": 30000
      }
    }
  }
}