{
  "dataset": "mnist",
  "input_dim": 784,
  "n_classes": 10,
  "n_train_subsample": 5000,
  "n_test_subsample": 2000,
  "results": {
    "Euclidean KNN (subsample)": {
      "accuracy": 0.8865,
      "time": 0.10515719799968792,
      "params": 0
    },
    "Euclidean KNN (full 60K)": {
      "accuracy": 0.9375,
      "time": 0.9871446120005203,
      "params": 0
    },
    "ManifoldModel (tau=0.95)": {
      "accuracy": 0.8955,
      "time": 367.1179695669998,
      "fit_time": 302.0297921749998,
      "pred_time": 65.08817739200003,
      "params": 0,
      "geometry": {
        "mean_intrinsic_dim": 29.9086,
        "std_intrinsic_dim": 3.4677148152637924,
        "min_intrinsic_dim": 16,
        "max_intrinsic_dim": 36,
        "n_nodes": 5000,
        "ambient_dim": 784,
        "n_edges": 75000
      }
    },
    "ManifoldModel (tau=0.9)": {
      "accuracy": 0.8945,
      "time": 282.5905811519997,
      "fit_time": 210.08650025499992,
      "pred_time": 72.50408089699977,
      "params": 0,
      "geometry": {
        "mean_intrinsic_dim": 22.4278,
        "std_intrinsic_dim": 3.316562551799679,
        "min_intrinsic_dim": 10,
        "max_intrinsic_dim": 29,
        "n_nodes": 5000,
        "ambient_dim": 784,
        "n_edges": 75000
      }
    },
    "ManifoldModel (tau=0.85)": {
      "accuracy": 0.8905,
      "time": 284.362473995001,
      "fit_time": 213.65922655300074,
      "pred_time": 70.70324744200025,
      "params": 0,
      "geometry": {
        "mean_intrinsic_dim": 17.698,
        "std_intrinsic_dim": 3.0120418323788267,
        "min_intrinsic_dim": 7,
        "max_intrinsic_dim": 24,
        "n_nodes": 5000,
        "ambient_dim": 784,
        "n_edges": 75000
      }
    },
    "ManifoldModel (tau=0.8)": {
      "accuracy": 0.8965,
      "time": 267.09639330999926,
      "fit_time": 204.24682435199975,
      "pred_time": 62.84956895799951,
      "params": 0,
      "geometry": {
        "mean_intrinsic_dim": 14.3424,
        "std_intrinsic_dim": 2.7112289169304753,
        "min_intrinsic_dim": 5,
        "max_intrinsic_dim": 20,
        "n_nodes": 5000,
        "ambient_dim": 784,
        "n_edges": 75000
      }
    }
  }
}